,Inhalt XX
0,"WebergebnisseQAnon – Wikipediahttps://de.wikipedia.org › wiki › QAnonhttps://de.wikipedia.org › wiki › QAnonIm CacheQAnon ([kjuːəˈnɒn]) oder kurz Q nennt sich eine mutmaßlich US-amerikanische Person oder Gruppe, die seit 2017 Verschwörungstheorien mit ...‎Pizzagate · ‎Staat im Staate · ‎4chan · ‎Gadsden flag"
1,"QAnon: Was hinter der 4.-März-Verschwörung steckt - Politik ...https://www.sueddeutsche.de › Politik › Politik USAhttps://www.sueddeutsche.de › Politik › Politik USA04.03.2021 — Eine
 Sitzung des US-Repräsentantenhauses wird abgesagt, weil es Hinweise auf
 einen neuen Angriff auf das Kapitol gab. Das hat mit bizarren ..."
2,"Trump: Verschwörung, anders herum | Die FURCHEhttps://www.furche.at › international › trump-verschwo...https://www.furche.at › international › trump-verschwo...Im CacheKann Trump sich halten, obwohl er die Wahl verloren hat? Er klagt über eine Verschwörung der Demokraten. Aber was, wenn niemand anderer als er selbst der ..."
3,"Donald Trumps Covid19-Erkrankung gibt ... - SWRhttps://www.swr.de › swr2 › leben-und-gesellschaft › d...https://www.swr.de › swr2 › leben-und-gesellschaft › d...Im Cache""Die
 Corona-Pandemie in den USA führt uns vor Augen, was für katastrophale 
Folgen es hat, wenn die, die an den Schalthebeln der Macht 
sitzen, ..."
4,Wie Trump zur Marionette der Weltverschwörung wurde (Teil ...https://www.morgenpost.de › article230736860 › Wie-Tr...https://www.morgenpost.de › article230736860 › Wie-Tr...30.10.2020 — Donald Trump und Peter Thiel im Dezember 2016 im Trump-Tower in New York. Foto: Albin Lohr-Jones / ddp images/Sipa USA ...
5,"US-Wahl - Die große Weltverschwörung - Wiener Zeitung Onlinehttps://www.wienerzeitung.at › Politik › Welthttps://www.wienerzeitung.at › Politik › Welt02.11.2020 — Donald Trump
 ist der strahlende Held eines sich radikalisierenden rechten Milieus in
 den USA. Es glaubt an ein teuflisches Komplott der ..."
6,"Der Verschwörungspräsident: Trump, QAnon und die großen ...https://www.br.de › nachrichten › netzwelt › verschwoe...https://www.br.de › nachrichten › netzwelt › verschwoe...Im Cache18.10.2020 — US-Präsident Donald Trump hat über seine gesamte bisherige Amtszeit Social Media und Auftritte in digitalen Kanälen genutzt, um ..."
7,"QAnon ohne Donald Trump - eine deutsche Nahaufnahme ...https://www.dw.com › qanon-ohne-donald-trump-eine-...https://www.dw.com › qanon-ohne-donald-trump-eine-...Im Cache19.01.2021 — Wie gefährlich die Verschwörungstheorie QAnon ist, hat der Sturm auf das US-Kapitol gezeigt. Auch in Deutschland gibt sich die Q-Bewegung ..."
8,"Verschwörungstheorien nach Trump - YouTubehttps://www.youtube.com › watchhttps://www.youtube.com › watch09.12.2020 — Ruperto Carola Ringvorlesung: Quo vadis USA?00:02:50 Michael Butter, Universität Tübingen7. Dezember 2020."
9,"Donald Trump: Trump ist Verschwörungstheoretiker | ZEIT ...https://www.zeit.de › politik › ausland › seite-2https://www.zeit.de › politik › ausland › seite-2Donald Trump
 hat dasselbe Verständnis von dem Präsidentenamt wie Putin, Erdoğan und 
Duterte. Mit seinem Populismus will er die Grundregeln der ..."
10,"Gangster, Reiche & dunkle Mächte : Wo drei ... - Tagesspiegelhttps://www.tagesspiegel.de › Politikhttps://www.tagesspiegel.de › Politik03.09.2020 — In einem Fox-News-Interview verbreitete US-Präsident Trump drei Verschwörungstheorien. Diese sind so bizarr wie gefährlich."
11,"„Nationale Verschwörung, Wahlbetrug“: Trumps Anwalt ...https://www.tagesspiegel.de › Politikhttps://www.tagesspiegel.de › Politik20.11.2020 — Kommunisten, der verstorbene Präsident von Venezuela, böswillige Software: Trumps Anwälten ist jedes Argument recht. Aber für Giuliani wird ..."
12,Trumps Anwälte verstricken sich in Verschwörungstheorien ...https://www.weser-kurier.de › deutschland-welt › deuts...https://www.weser-kurier.de › deutschland-welt › deuts...Im Cache20.11.2020 — Die Anwälte von Donald Trump tauchen in ihren Attacken gegen den Ausgang der verlorenen Präsidentenwahl immer tiefer in ...
13,"QAnon: Was macht die Verschwörungserzählung in ... - RNDhttps://www.rnd.de › politikhttps://www.rnd.de › politikIm Cache04.04.2021 — In
 der Corona-Pandemie wurde im vergangenen Jahr ausgerechnet die zutiefst
 US-amerikanische Qanon-Verschwörungserzählung in ..."
14,"QAnon, Donald Trump und die Republikaner: Erste ...https://www.fr.de › Politikhttps://www.fr.de › PolitikIm Cache04.11.2020 — Donald Trump
 verteidigt immer wieder „QAnon“. Zahlreiche Republikaner folgen dem 
Beispiel des US-Präsidenten. Die erste Vertreterin des ..."
15,QAnon nach Donald Trump: Was wird aus dem ...https://www.fr.de › Politikhttps://www.fr.de › PolitikIm Cache20.03.2021 — Trotz nicht eintreffender Vorhersagen zählt QAnon Zehntausende Anhänger:innen. Viele glauben nach wie vor an eine „wahre ...
16,"""Trump bleibt Schattenpräsident"": QAnons apokalyptische ...https://www.n-tv.de › Politikhttps://www.n-tv.de › Politik21.01.2021 — Der
 ""Sturm"" der QAnon-Verschwörungsgläubigen, bei dem US-Präsident Biden 
verhaftet werden sollte, bleibt aus. Einige Anhänger verlieren ..."
17,"Phänomen QAnon - Verschwörung als großes Spiel - Dlfhttps://www.deutschlandfunk.de › phaenomen-qanon-vers...https://www.deutschlandfunk.de › phaenomen-qanon-vers...11.04.2021 — In
 Corona-Zeiten blühen die Verschwörungsmythen. Der QAnon-Kult aus den 
USA, der auch in Deutschland zahlreiche Anhänger hat, gilt als ..."
18,Die Macht der Verschwörungstheorien - Paul Lendvai ...https://www.derstandard.de › Meinung › Paul Lendvaihttps://www.derstandard.de › Meinung › Paul LendvaiIm Cache22.12.2020 — Donald Trump hat die Republikanische Partei zu seinem politischen Gefangenen gemacht.
19,Die Kennedy-Verschwörung: War es eine ... - Amazon.dehttps://www.amazon.de › Die-Kennedy-Verschwörung-...https://www.amazon.de › Die-Kennedy-Verschwörung-...Im CacheLebt Kennedys Sohn heute noch? Was wussten JFK und Marilyn Monroe über UFOs? Welche Rolle spielen Donald Trump und QAnon?: Amazon.de: Davis ...
20,"Trumps radikale Anhänger: In einer ""alternativen Realität ...https://www.tagesschau.de › faktenfinder › trump-faken...https://www.tagesschau.de › faktenfinder › trump-faken...Im Cache07.01.2021 — Noch während seine Anhänger das Kapitol in Washington belagerten und attackierten, zündelte der scheidende US-Präsident Donald Trump ..."
21,US-Milliardär verbreitet Verschwörungsmythen in ... - ZDFhttps://www.zdf.de › Nachrichten › Panoramahttps://www.zdf.de › Nachrichten › PanoramaIm Cache20.12.2020 — Der exil-chinesiche Milliardär Guo Wengui baut in Deutschland ein Fake-News-Netzwerk mit QAnon- und Corona-Inhalten auf.
22,"""Russland-Affäre"": Trumps Ex-Wahlkampfmanager Manafort ...https://rsw.beck.de › aktuell › daily › meldung › detailhttps://rsw.beck.de › aktuell › daily › meldung › detailIm CacheFast ein Jahr nach der Wahl Donald Trumps zum US-Präsidenten hat es bei den Untersuchungen des Sonderermittlers Robert Mueller in der ""Russland-Affäre"" ..."
23,"Trump und Verschwörungstheorien: Herrschaft des Wahns ...https://www.swp.de › Politikhttps://www.swp.de › Politik20.01.2021 — Donald Trump
 ist nicht mehr im Amt. Aber er hat gezeigt: Wenn Verschwörungsmythen 
zur politischen Methode werden, können Demokratien ..."
24,"Verschwörungstheorien verschwinden nicht mit Donald Trumphttps://www.tagblatt.de › Nachrichten › Verschwoerung...https://www.tagblatt.de › Nachrichten › Verschwoerung...Im Cache21.01.2021 — Extremismus - Donald Trump ist nicht mehr im Amt. Aber er hat gezeigt: Wenn Verschwörungsmythen zur politischen Methode werden, können ..."
25,"«Trump strickt an einer grossen Verschwörung» - Bluewin.chhttps://www.bluewin.ch › news › international › trump-...https://www.bluewin.ch › news › international › trump-...Im Cache06.11.2020 — Die Demokraten als grosse Betrüger und Donald Trump als eigentlicher Sieger: So sehen das, kurz vor einem wahrscheinlichen Wahlsieg von ..."
26,"Verschwörungsideologien in den USA - Sturm der Online-Trollehttps://www.deutschlandfunkkultur.de › verschwoerungsi...https://www.deutschlandfunkkultur.de › verschwoerungsi...09.01.2021 — Die Ereignisse in Washington werfen Fragen auf: nach dem richtigen Umgang mit Trump, aber auch in Bezug auf Verschwörungsanhänger ..."
27,"Verschwörungstheorien: Trump begrüßt QAnon-Unterstützunghttps://www.faz.net › ... › Politik › Von Trump zu Bidenhttps://www.faz.net › ... › Politik › Von Trump zu Biden20.08.2020 — Sie verehren Donald Trump – und glauben, dass seine Gegner Kinder töten. Trotzdem distanziert der Präsident sich nicht von den rechten ..."
28,"Trump-Anhänger glauben weiter an Wahlbetrug - FAZhttps://www.faz.net › aktuell › trump-anhaenger-glauben-...https://www.faz.net › aktuell › trump-anhaenger-glauben-...08.11.2020 — Donald Trumps
 monatelanges Gerede von drohenden Fälschungen zeigt Wirkung: Viele 
Amerikaner können sich nicht vorstellen, dass es bei ..."
29,"USA: Trump verbreitet Verschwörungstheorien zur Wahl - NZZhttps://www.nzz.ch › international › usa-trump-verbreitet-...https://www.nzz.ch › international › usa-trump-verbreitet-...13.11.2020 — Donald Trump
 besuchte am Veterans Day das Grabmal des unbekannten Soldaten. Chris 
Kleponis / EPA. Der amerikanische Präsident Donald ..."
30,"Psychologin über US-Präsident: ""Donald Trump befeuert ...https://www.t-online.de › deutschland › innenpolitik › psy...https://www.t-online.de › deutschland › innenpolitik › psy...17.10.2020 — Verschwörungstheorien sind populärer denn je. Aber warum eigentlich? Die deutsche Psychologin Anni Sternisko, die in New York forscht, ..."
31,Die Kennedy-Verschwörung: War es eine ... - Medimopshttps://www.medimops.de › ... › Esoterikhttps://www.medimops.de › ... › EsoterikIm CacheWas wussten JFK und Marilyn Monroe über UFOs? Welche Rolle spielen Donald Trump und QAnon? von Dan Davis Broschiert bei medimops.de bestellen.
32,"US-Wahl 2020: Trump-Lager schürt Sharpiegate ... - Spiegelhttps://www.spiegel.de › Politik › Auslandhttps://www.spiegel.de › Politik › Ausland04.11.2020 — Weil sie in Arizona zurückliegen, verbreiten die Republikaner das Gerücht, Wahlzettel von Trump-Anhängern seien sabotiert worden."
33,"QAnon: Donald Trump ist weg – So reagiert die ...https://www.ksta.de › Politikhttps://www.ksta.de › Politik21.01.2021 — Donald Trump sollte den Deep State aushebeln. Nun ist nicht mehr Präsident. Ein Blick darauf, wie QAnon in Telegram-Kanälen reagiert."
34,"US-Wahl: Trump-Fans wittern Verschwörung - NWZonlinehttps://www.nwzonline.de › hintergrund › washington-...https://www.nwzonline.de › hintergrund › washington-...Im Cache06.11.2020 — Je
 schneller sich der US-Demokrat Joe Biden der magischen Zahl von 270 
Wahlleuten annähert, die ihm den Einzug ins Weiße Haus sichern ."
35,Der Sturm auf das Kapitol: Vom Algorithmus getrieben - taz.dehttps://taz.de › Politik › Amerikahttps://taz.de › Politik › Amerika07.01.2021 — Verschwörungstheorien haben Trump zur Macht verholfen und zur Radikalisierung der US-Republikaner beigetragen. Und sie verbreiten sich ...
36,"QAnon: Identität von „Q“ bekannt? Anführer von soll sich ...https://www.merkur.de › Politikhttps://www.merkur.de › PolitikIm Cache09.04.2021 — Die
 QAnon-Bewegung geriet durch den Sturm auf das Kapitol immer mehr in den
 öffentlichen Fokus. Nun soll die Identität ihrers Anführers ..."
37,"QAnon ist eine Ausgeburt der extremen Rechten | Jacobin ...https://jacobin.de › artikel › verschwoerungstheorie-qan...https://jacobin.de › artikel › verschwoerungstheorie-qan...Im Cache01.12.2020 — In
 der Bewegung um QAnon verschmelzen alte, rechte Ressentiments zu einem 
bizarren Verschwörungsmythos. Doch der Anhängerschaft ..."
38,"phoenix history Lügen, Verschwörung, Propagandahttps://www.phoenix.de › sendungen › phoenix-historyhttps://www.phoenix.de › sendungen › phoenix-historyIm CacheDoch wohl kaum ein US-Präsident hat ein solch gespanntes Verhältnis zur Wahrheit wie Donald Trump. Die ""Washington Post"" attestiert ihm mehr als 1000 ..."
39,"QAnon-Verschwörung: So clever versuchen Kinder ihre Eltern ...https://www.rtl.de › cms › qanon-verschwoerung-so-cleve...https://www.rtl.de › cms › qanon-verschwoerung-so-cleve...19.02.2021 — QAnon-Verschwörung: Kult zerstört Familien. Die Eliten der Welt hätten sich verschworen, um Kindersklaven zu ""ernten"", Donald Trump wäre ..."
40,Querdenker und QAnon - Steckt in jedem von uns ein ...https://www.cicero.de › innenpolitik › verschwoerungst...https://www.cicero.de › innenpolitik › verschwoerungst...Im Cache30.10.2020 — In den USA ranken sich noch absurdere Mythen um Corona und Donald Trump. Sind ihre Anhänger harmlose Spinner oder eine Gefahr für die ...
41,Ist Trump das Opfer einer Verschwörung? | Basler Zeitunghttps://www.bazonline.ch › Ausland › Amerikahttps://www.bazonline.ch › Ausland › Amerika31.03.2018 — Die Russen-Untersuchung sei bloss die Spitze des Eisbergs in einem Komplott.
42,"Traum vom Umsturz: Querdenker, Reichsbürger, QAnon ...https://www.heise.de › Telepolis › Politikhttps://www.heise.de › Telepolis › PolitikIm Cache04.09.2020 — Vieles
 vermengt sich bei den Corona-Protesten, die Heilpraktikerin Tamara K., 
die zur Besetzung der Treppe des Reichstags aufrief, ..."
43,"Verschwörungstheorien: Sternstunde der Paranoia - WELThttps://www.welt.de › Politik › Auslandhttps://www.welt.de › Politik › Ausland03.04.2020 — Hinter
 dem Virus stecken Monsanto, die Impfstoff-Mafia, der Deep State. Und 
mindestens drei reiche und mächtige Erzfeinde von Donald Trump."
44,QAnon und die vermeintliche Verschwörung von Juden ...https://www.juedische-allgemeine.de › politik › qanon-r...https://www.juedische-allgemeine.de › politik › qanon-r...Im CacheMichael Blume über Verschwörungsmythen und die Erstürmung des US-Kapitols. von Franziska Hein 08.01.2021 13:16 Uhr. Facebook · Twitter · WhatsApp ...
45,Anhängerin der Verschwörungstheorie QAnon ins ...https://www.badische-zeitung.de › anhaengerin-der-versc...https://www.badische-zeitung.de › anhaengerin-der-versc...04.11.2020 — ... Verschwörungsbewegung QAnon ist ins US-Repräsentantenhaus gewählt worden. Unterstützung erhielt sie von Präsident Donald Trump.
46,"Donald Trump: Die Russland-Verschwörung - Indizien eines ...https://www.stern.de › Politik › Auslandhttps://www.stern.de › Politik › AuslandIm Cache26.11.2017 — Ist
 Wladimir Putin der Einflüsterer des amerikanischen Präsidenten? 
Besitzen die Geheimdienste des Kreml kompromittierendes Material?"
47,"Wie Trump Verschwörungstheorien nutzt - Yahoo Nachrichtenhttps://de.sports.yahoo.com › news › trump-verschwoer...https://de.sports.yahoo.com › news › trump-verschwoer...Im Cache19.10.2020 — Obama ist in Kenia geboren, Biden nimmt Drogen und der Klimawandel ist erfunden. Wie Trump sich geschickt an Verschwörungstheorien ..."
48,Obamagate: Donald Trump beschuldigt Barack Obamahttps://ga.de › News › Politik › Auslandhttps://ga.de › News › Politik › Ausland18.05.2020 — US-Präsident Donald Trump verbreitet vage Verschwörungstheorien über seinen Vorgänger Barack Obama. Er habe sich eines Verbrechens ...
49,Ruperto Carola Ringvorlesung: Verschwörungstheorien nach ...https://www.uni-heidelberg.de › newsroom › ruperto-ca...https://www.uni-heidelberg.de › newsroom › ruperto-ca...Im Cache03.12.2020 — Vortrag des Amerikanisten Michael Butter ab dem 9. Dezember über heiONLINE abrufbar. Über „Verschwörungstheorien nach Trump“ spricht der ...
