,Inhalt YY
0,ampvideo_youtubeNPR16 minutes agobookmark_bordersharemore_vert
1,ampvideo_youtubeFox News12 hours agobookmark_bordersharemore_vert
2,ampvideo_youtubeThe Wall Street Journal39 minutes agobookmark_bordersharemore_vert
3,ampvideo_youtubeUSA TODAY3 hours agoOpinionbookmark_bordersharemore_vert
4,ampvideo_youtubeCNN 21 hours agoOpinionbookmark_bordersharemore_vert
5,ampvideo_youtubeFox News6 hours agobookmark_bordersharemore_vert
6,ampvideo_youtubeCNN 15 hours agobookmark_bordersharemore_vert
7,ampvideo_youtubeDeseret NewsYesterdayOpinionbookmark_bordersharemore_vert
8,ampvideo_youtubeNBCNews.com5 hours agoOpinionbookmark_bordersharemore_vert
9,ampvideo_youtubeThe Week16 hours agoOpinionbookmark_bordersharemore_vert
10,ampvideo_youtubeBBC News7 hours agobookmark_bordersharemore_vert
11,ampvideo_youtubeThe Wall Street Journal2 hours agobookmark_bordersharemore_vert
12,ampvideo_youtubeCNN 4 hours agobookmark_bordersharemore_vert
13,ampvideo_youtubeThe Hill21 hours agoOpinionbookmark_bordersharemore_vert
14,ampvideo_youtubeFox News2 hours agobookmark_bordersharemore_vert
15,ampvideo_youtubeThe Washington Post15 hours agobookmark_bordersharemore_vert
16,ampvideo_youtubeNew York Post 19 hours agobookmark_bordersharemore_vert
17,ampvideo_youtubeBBC News23 hours agobookmark_bordersharemore_vert
18,ampvideo_youtubeCNN 20 hours agoOpinionbookmark_bordersharemore_vert
19,ampvideo_youtubeBusiness Insider1 hour agobookmark_bordersharemore_vert
20,ampvideo_youtubeNBC News5 hours agobookmark_bordersharemore_vert
21,ampvideo_youtubeKTVU San Francisco28 minutes agobookmark_bordersharemore_vert
22,ampvideo_youtubeKPIX CBS SF Bay Area6 hours agobookmark_bordersharemore_vert
23,ampvideo_youtubeFox News12 hours agobookmark_bordersharemore_vert
24,ampvideo_youtubeKRON412 hours agoLocal coveragebookmark_bordersharemore_vert
25,ampvideo_youtubeThe Daily Beast10 hours agobookmark_bordersharemore_vert
26,ampvideo_youtubeSnopes.combookmark_bordersharemore_vert
27,ampvideo_youtubeUSA TODAYbookmark_bordersharemore_vert
28,ampvideo_youtubeSnopes.combookmark_bordersharemore_vert
29,ampvideo_youtubeWashington Postbookmark_bordersharemore_vert
30,ampvideo_youtubeSnopes.combookmark_bordersharemore_vert
31,ampvideo_youtubeThe New York Times6 min readbookmark_bordershare
32,ampvideo_youtubeBBC News4 min readbookmark_bordersharemore_vert
33,ampvideo_youtubePOLITICO7 min readbookmark_bordershare
34,ampvideo_youtubeFast Company6 min readbookmark_bordersharemore_vert
35,ampvideo_youtubeBloomberg5 min readbookmark_bordershare
36,ampvideo_youtubeUSA TODAY5 min readbookmark_bordershare
37,ampvideo_youtubeThe Conversation UK4 min readbookmark_bordersharemore_vert
38,ampvideo_youtubeThe Associated Press5 min readbookmark_bordershare
39,ampvideo_youtubeMarketWatch4 min readbookmark_bordershare
40,ampvideo_youtubeVox.com10 min readbookmark_bordershare
41,ampvideo_youtubeWIREDYesterdaybookmark_bordersharemore_vert
42,ampvideo_youtubeThe Atlantic2 days agobookmark_bordersharemore_vert
43,ampvideo_youtubeThe Guardian3 days agobookmark_bordershare
44,ampvideo_youtubeWIRED2 days agobookmark_bordershare
45,ampvideo_youtubeCNBC3 days agobookmark_bordershare
46,ampvideo_youtubeThe New York Times2 days agobookmark_bordershare
47,ampvideo_youtubeThe Verge4 days agobookmark_bordershare
48,ampvideo_youtubeWIRED4 days agoOpinionbookmark_bordersharemore_vert
49,ampvideo_youtubeThe New York Times3 days agoOpinionbookmark_bordershare
50,ampvideo_youtubeCNBC4 days agobookmark_bordershare
